Experimental Approach,Database Size (vectors),Query Encryption (seconds),Query Size (ciphertexts),Membership Computation (seconds),Membership Result Size (ciphertexts),Membership Decryption (seconds),Index Computation (seconds),Index Result Size (ciphertexts),Index Decryption (seconds),Decrypted Membership Result,Decrypted Index Result
Baseline,1024,0.0820885,1,11.317,1,0.00967435,11.4252,1,0.0116132,TRUE,[ 1023 ]
Baseline,1024,0.0834249,1,11.4729,1,0.00960156,11.2503,1,0.0114383,TRUE,[ 1023 ]
Baseline,1024,0.0799269,1,12.1968,1,0.00989835,11.3733,1,0.0113711,TRUE,[ 1023 ]
Baseline,1024,0.0822714,1,11.3679,1,0.00992352,11.2294,1,0.011208,TRUE,[ 1023 ]
Baseline,1024,0.0797696,1,11.3963,1,0.0099253,11.4166,1,0.0114171,TRUE,[ 1023 ]
Baseline,1024,0.080909,1,11.4419,1,0.0100139,11.2323,1,0.0112661,TRUE,[ 1023 ]
Baseline,1024,0.0811292,1,11.384,1,0.00993437,11.3192,1,0.0114725,TRUE,[ 1023 ]
Baseline,1024,0.0827764,1,11.5551,1,0.00980481,11.3732,1,0.0104907,TRUE,[ 1023 ]
Baseline,1024,0.0843548,1,11.6669,1,0.0101324,11.4731,1,0.0113423,TRUE,[ 1023 ]
Baseline,1024,0.0821837,1,11.5408,1,0.00970896,11.3602,1,0.0104462,TRUE,[ 1023 ]
Mean,,0.08188344,,11.53396,,0.009861752,11.34528,,0.01120655,,
Standard Deviation,,0.001467371,,0.25512803,,0.000163392,0.085305318,,0.000404662,,
Maximum,,0.0843548,,12.1968,,0.0101324,11.4731,,0.0116132,,
Minimum,,0.0797696,,11.317,,0.00960156,11.2294,,0.0104462,,